<?xml version="1.0" encoding="utf-8"?>
<xd:acceleratorMap xmlns:xd="http://www.xilinx.com/xidane" xd:functionName="four_tuple_hash" xd:componentRef="fthfour_tuple_hash" xd:initiationInterval="1" xd:clockPeriod="6.400" xd:sequential="true" xd:hostMachine="64" xd:reset="control">
  <xd:arg xd:name="sessionLookup_req.source" xd:originalName="sessionLookup_req" xd:direction="in" xd:interfaceRef="sessionLookup_req" xd:busTypeRef="axis" xd:dataPack="true" xd:bitMapping="0:0" xd:dataWidth="1"/>
  <xd:arg xd:name="sessionLookup_req.key.myIp" xd:originalName="sessionLookup_req" xd:direction="in" xd:interfaceRef="sessionLookup_req" xd:busTypeRef="axis" xd:dataPack="true" xd:bitMapping="32:1" xd:dataWidth="32"/>
  <xd:arg xd:name="sessionLookup_req.key.theirIp" xd:originalName="sessionLookup_req" xd:direction="in" xd:interfaceRef="sessionLookup_req" xd:busTypeRef="axis" xd:dataPack="true" xd:bitMapping="64:33" xd:dataWidth="32"/>
  <xd:arg xd:name="sessionLookup_req.key.myPort" xd:originalName="sessionLookup_req" xd:direction="in" xd:interfaceRef="sessionLookup_req" xd:busTypeRef="axis" xd:dataPack="true" xd:bitMapping="80:65" xd:dataWidth="16"/>
  <xd:arg xd:name="sessionLookup_req.key.theirPort" xd:originalName="sessionLookup_req" xd:direction="in" xd:interfaceRef="sessionLookup_req" xd:busTypeRef="axis" xd:dataPack="true" xd:bitMapping="96:81" xd:dataWidth="16"/>
  <xd:arg xd:name="sessionLookup_rsp.source" xd:originalName="sessionLookup_rsp" xd:direction="out" xd:interfaceRef="sessionLookup_rsp" xd:busTypeRef="axis" xd:dataPack="true" xd:bitMapping="0:0" xd:dataWidth="1"/>
  <xd:arg xd:name="sessionLookup_rsp.sessionID" xd:originalName="sessionLookup_rsp" xd:direction="out" xd:interfaceRef="sessionLookup_rsp" xd:busTypeRef="axis" xd:dataPack="true" xd:bitMapping="14:1" xd:dataWidth="14"/>
  <xd:arg xd:name="sessionLookup_rsp.hit" xd:originalName="sessionLookup_rsp" xd:direction="out" xd:interfaceRef="sessionLookup_rsp" xd:busTypeRef="axis" xd:dataPack="true" xd:bitMapping="15:15" xd:dataWidth="1"/>
  <xd:arg xd:name="sessionUpdate_req.source" xd:originalName="sessionUpdate_req" xd:direction="in" xd:interfaceRef="sessionUpdate_req" xd:busTypeRef="axis" xd:dataPack="true" xd:bitMapping="0:0" xd:dataWidth="1"/>
  <xd:arg xd:name="sessionUpdate_req.op" xd:originalName="sessionUpdate_req" xd:direction="in" xd:interfaceRef="sessionUpdate_req" xd:busTypeRef="axis" xd:dataPack="true" xd:bitMapping="1:1" xd:dataWidth="1"/>
  <xd:arg xd:name="sessionUpdate_req.value" xd:originalName="sessionUpdate_req" xd:direction="in" xd:interfaceRef="sessionUpdate_req" xd:busTypeRef="axis" xd:dataPack="true" xd:bitMapping="15:2" xd:dataWidth="14"/>
  <xd:arg xd:name="sessionUpdate_req.key.myIp" xd:originalName="sessionUpdate_req" xd:direction="in" xd:interfaceRef="sessionUpdate_req" xd:busTypeRef="axis" xd:dataPack="true" xd:bitMapping="47:16" xd:dataWidth="32"/>
  <xd:arg xd:name="sessionUpdate_req.key.theirIp" xd:originalName="sessionUpdate_req" xd:direction="in" xd:interfaceRef="sessionUpdate_req" xd:busTypeRef="axis" xd:dataPack="true" xd:bitMapping="79:48" xd:dataWidth="32"/>
  <xd:arg xd:name="sessionUpdate_req.key.myPort" xd:originalName="sessionUpdate_req" xd:direction="in" xd:interfaceRef="sessionUpdate_req" xd:busTypeRef="axis" xd:dataPack="true" xd:bitMapping="95:80" xd:dataWidth="16"/>
  <xd:arg xd:name="sessionUpdate_req.key.theirPort" xd:originalName="sessionUpdate_req" xd:direction="in" xd:interfaceRef="sessionUpdate_req" xd:busTypeRef="axis" xd:dataPack="true" xd:bitMapping="111:96" xd:dataWidth="16"/>
  <xd:arg xd:name="sessionUpdate_rsp.source" xd:originalName="sessionUpdate_rsp" xd:direction="out" xd:interfaceRef="sessionUpdate_rsp" xd:busTypeRef="axis" xd:dataPack="true" xd:bitMapping="0:0" xd:dataWidth="1"/>
  <xd:arg xd:name="sessionUpdate_rsp.op" xd:originalName="sessionUpdate_rsp" xd:direction="out" xd:interfaceRef="sessionUpdate_rsp" xd:busTypeRef="axis" xd:dataPack="true" xd:bitMapping="1:1" xd:dataWidth="1"/>
  <xd:arg xd:name="sessionUpdate_rsp.sessionID" xd:originalName="sessionUpdate_rsp" xd:direction="out" xd:interfaceRef="sessionUpdate_rsp" xd:busTypeRef="axis" xd:dataPack="true" xd:bitMapping="15:2" xd:dataWidth="14"/>
  <xd:latencyEstimates xd:best-case="1" xd:worst-case="1" xd:average-case="1"/>
  <xd:resourceEstimates xd:LUT="535" xd:FF="21" xd:BRAM="15" xd:DSP="0"/>
</xd:acceleratorMap>
